case_id,case_name,status,priority,total_files,total_subtasks,completed_subtasks,failed_subtasks,cancelled_subtasks,retries,reassignments,created_at,finished_at,total_seconds,processing_seconds,sequential_seconds,speedup,workers,summary
case-9a2d62c0,caso_003_audio_conversion,completed,10,15,15,15,0,0,0,0,2026-10-02T22:38:34.701139-06:00,2026-10-02T22:39:08.908440-06:00,34.207,34.12,23.857,0.7,worker-1:13 worker-2:1 worker-3:1,De 15 archivos (15 audios) — 15 audios convertidos; sin fallos.
case-6e08da8e,caso_002_audio_conversion,completed,7,15,15,15,0,0,0,0,2026-10-02T22:38:35.453504-06:00,2026-10-02T22:43:35.944267-06:00,300.491,41.288,48.337,1.17,worker-1:10 worker-2:3 worker-3:2,De 15 archivos (15 audios) — 15 audios convertidos; sin fallos.
case-183057d0,caso_004_audio_conversion,completed,5,15,15,15,0,0,0,0,2026-10-02T22:38:36.181163-06:00,2026-10-02T22:44:44.811742-06:00,368.631,57.308,17.047,0.3,worker-1:12 worker-2:1 worker-3:2,De 15 archivos (15 audios) — 15 audios convertidos; sin fallos.
case-c52be2f6,caso_007_audio_conversion,completed,10,15,15,15,0,0,0,0,2026-10-02T22:38:40.317577-06:00,2026-10-02T22:41:29.578622-06:00,169.261,140.603,25.947,0.18,worker-1:6 worker-2:4 worker-3:5,De 15 archivos (15 audios) — 15 audios convertidos; sin fallos.
case-f605287b,caso_006_audio_conversion,completed,10,15,15,15,0,0,0,0,2026-10-02T22:38:40.953484-06:00,2026-10-02T22:42:54.909324-06:00,253.956,85.297,22.175,0.26,worker-1:11 worker-2:1 worker-3:3,De 15 archivos (15 audios) — 15 audios convertidos; sin fallos.
case-12a8157e,caso_005_audio_conversion,completed,7,15,15,15,0,0,0,0,2026-10-02T22:38:42.149448-06:00,2026-10-02T22:43:47.587723-06:00,305.438,33.21,27.944,0.84,worker-1:13 worker-2:1 worker-3:1,De 15 archivos (15 audios) — 15 audios convertidos; sin fallos.
case-7baf2317,caso_008_audio_metadatos,completed,5,15,15,15,0,0,0,0,2026-10-02T22:38:42.527442-06:00,2026-10-02T22:46:59.183831-06:00,496.656,60.406,139.44,2.31,worker-1:6 worker-2:4 worker-3:5,De 15 archivos (15 audios) — 15 audios con metadatos extraídos; sin fallos.
case-16ccba84,caso_009_audio_metadatos,completed,7,15,15,15,0,0,0,0,2026-10-02T22:38:42.756466-06:00,2026-10-02T22:41:29.043358-06:00,166.287,159.244,125.929,0.79,worker-1:10 worker-2:1 worker-3:4,De 15 archivos (15 audios) — 15 audios con metadatos extraídos; sin fallos.
case-5ad9af17,caso_010_audio_metadatos,completed,7,15,15,15,0,0,0,0,2026-10-02T22:38:43.494859-06:00,2026-10-02T22:42:49.485355-06:00,245.99,73.504,110.593,1.5,worker-1:8 worker-2:2 worker-3:5,De 15 archivos (15 audios) — 15 audios con metadatos extraídos; sin fallos.
case-11b1699f,caso_001_audio_conversion,completed,5,15,15,15,0,0,0,0,2026-10-02T22:38:43.824232-06:00,2026-10-02T22:46:01.194358-06:00,437.37,75.562,43.04,0.57,worker-1:14 worker-3:1,De 15 archivos (15 audios) — 15 audios convertidos; sin fallos.
case-43e140ed,caso_011_audio_metadatos,completed,3,15,15,15,0,0,0,0,2026-10-02T22:38:43.920472-06:00,2026-10-02T22:47:48.869075-06:00,544.949,56.692,135.93,2.4,worker-1:7 worker-2:4 worker-3:4,De 15 archivos (15 audios) — 15 audios con metadatos extraídos; sin fallos.
case-6c705c28,caso_015_video,completed,5,6,18,18,0,0,0,0,2026-10-02T22:38:44.668718-06:00,2026-10-02T22:42:54.441067-06:00,249.772,247.612,20.879,0.08,worker-1:13 worker-2:2 worker-3:3,"De 6 archivos (6 videos) — 6 audios extraídos de video, 6 videos convertidos, 6 portadas de video generadas; sin fallos."
case-6a68f2dd,caso_012_video,completed,7,6,18,18,0,0,0,0,2026-10-02T22:38:47.704738-06:00,2026-10-02T22:39:26.652653-06:00,38.948,34.565,39.471,1.14,worker-1:10 worker-2:6 worker-3:2,"De 6 archivos (6 videos) — 6 audios extraídos de video, 6 videos convertidos, 6 portadas de video generadas; sin fallos."
case-2c6f8fea,caso_017_video,completed,5,6,18,18,0,0,0,0,2026-10-02T22:38:49.353405-06:00,2026-10-02T22:43:44.441351-06:00,295.088,47.962,20.538,0.43,worker-1:13 worker-2:3 worker-3:2,"De 6 archivos (6 videos) — 6 audios extraídos de video, 6 portadas de video generadas, 6 videos convertidos; sin fallos."
case-990e4dc6,caso_016_video,completed,5,6,18,18,0,0,0,0,2026-10-02T22:38:50.546770-06:00,2026-10-02T22:46:10.486939-06:00,439.94,144.514,54.369,0.38,worker-1:10 worker-2:6 worker-3:2,"De 6 archivos (6 videos) — 6 videos convertidos, 6 audios extraídos de video, 6 portadas de video generadas; sin fallos."
case-70052a2b,caso_018_imagenes,completed,10,20,20,20,0,0,0,0,2026-10-02T22:38:51.688828-06:00,2026-10-02T22:39:30.597686-06:00,38.909,34.972,4.115,0.12,worker-1:14 worker-2:3 worker-3:3,De 20 archivos (20 imágenes) — 20 miniaturas generadas; sin fallos.
case-4872bafe,caso_013_video,completed,3,6,18,18,0,0,0,0,2026-10-02T22:38:52.261848-06:00,2026-10-02T22:45:57.368605-06:00,425.107,81.678,50.218,0.61,worker-1:16 worker-3:2,"De 6 archivos (6 videos) — 6 portadas de video generadas, 6 audios extraídos de video, 6 videos convertidos; sin fallos."
case-168493a8,caso_019_imagenes,completed,5,20,20,20,0,0,0,0,2026-10-02T22:38:52.382964-06:00,2026-10-02T22:46:52.155327-06:00,479.772,3.128,2.647,0.85,worker-1:20,De 20 archivos (20 imágenes) — 20 miniaturas generadas; sin fallos.
case-e509d40d,caso_014_video,completed,7,6,18,18,0,0,0,0,2026-10-02T22:38:52.970032-06:00,2026-10-02T22:42:19.191945-06:00,206.222,174.784,87.95,0.5,worker-1:11 worker-2:4 worker-3:3,"De 6 archivos (6 videos) — 6 audios extraídos de video, 6 portadas de video generadas, 6 videos convertidos; sin fallos."
case-079f2f3f,caso_021_imagenes,completed,7,20,20,20,0,0,0,0,2026-10-02T22:38:54.042753-06:00,2026-10-02T22:43:44.526213-06:00,290.483,58.839,3.727,0.06,worker-1:11 worker-2:2 worker-3:7,De 20 archivos (20 imágenes) — 20 miniaturas generadas; sin fallos.
case-46534ac9,caso_020_imagenes,completed,7,20,20,20,0,0,0,0,2026-10-02T22:38:55.566067-06:00,2026-10-02T22:45:58.753254-06:00,423.187,134.201,4.201,0.03,worker-1:16 worker-2:4,De 20 archivos (20 imágenes) — 20 miniaturas generadas; sin fallos.
